StudentID,StudentName,CourseID,CourseName,Instructor
2064,Olivia Taylor,1804,Biology199,Prof. Wilson
1709,Harold Taylor,1088,English106,Prof. Wilson
3408,Derek Taylor,1725,Math186,Prof. Gray
4224,Ursula Taylor,4602,Physics197,Prof. Wilson
5154,Adrian Taylor,243,Biology115,Prof. Miller
1073,Kimberly Taylor,1567,Physics196,Prof. Taylor
3859,Freddie Taylor,3752,History132,Prof. Miller
5577,Leon Taylor,4502,Math130,Prof. Gray
3656,Gareth Taylor,1084,Math145,Prof. White
1333,Liam Taylor,1704,Biology160,Prof. Miller
932,Simone Taylor,2514,English180,Prof. Wilson
160,Patrick Taylor,4960,History140,Prof. Brown
4623,Dave Taylor,3950,Math186,Prof. Miller
4772,Dennis Taylor,481,Physics110,Prof. Green
6257,Vera Taylor,2790,Physics156,Prof. Wilson
3477,Rita Taylor,670,Math174,Prof. Jones
6058,Kimberly Taylor,2595,Biology194,Prof. Jones
995,Tracy Taylor,2112,Biology163,Prof. Wilson
1832,Valerie Taylor,2049,CS125,Prof. Gray
6942,Nathan Taylor,4991,English175,Prof. Brown
2704,Irene Taylor,927,CS102,Prof. Davis
3647,Uriel Taylor,3745,Math130,Prof. Miller
4884,Mark Taylor,2437,Math183,Prof. Davis
975,Derek Taylor,3573,Physics122,Prof. Wilson
6931,Steve Taylor,1419,English187,Prof. Miller
374,Renee Taylor,2406,Math146,Prof. Smith
6629,Isaac Taylor,2306,History196,Prof. White
1172,Tina Taylor,2771,English140,Prof. Taylor
3751,Will Taylor,923,Physics143,Prof. Johnson
5868,Yasmine Taylor,3692,Physics142,Prof. Brown
6725,Zelda Taylor,231,Physics193,Prof. Jones
5721,Bryan Taylor,2203,Math110,Prof. Taylor
1781,Sebastian Taylor,607,CS105,Prof. Taylor
5590,Ethan Taylor,2174,Physics106,Prof. Smith
2745,Kyle Taylor,1630,Math188,Prof. Miller
1338,Bob Taylor,1905,History197,Prof. Williams
5199,Ursula Taylor,2347,CS148,Prof. Smith
2756,Victor Taylor,1318,CS145,Prof. Davis
5954,Caleb Taylor,1836,CS162,Prof. Brown
6477,Jackie Taylor,3534,History147,Prof. Wilson
5387,Eve Taylor,4704,History135,Prof. White
4345,Olga Taylor,304,English132,Prof. White
194,Sophia Taylor,2262,CS135,Prof. Green
2865,Penny Taylor,1562,Physics146,Prof. White
309,Hazel Taylor,2692,CS106,Prof. Davis
2951,Rose Taylor,1769,Physics143,Prof. Taylor
1783,Elena Taylor,574,History122,Prof. White
6410,Ophelia Taylor,299,Physics114,Prof. White
2716,Emma Taylor,1037,Math141,Prof. Smith
4463,Olga Taylor,4017,Physics112,Prof. Smith
6289,Olivia Taylor,229,English105,Prof. Gray
576,Zoey Taylor,238,English120,Prof. Gray
4430,Uriah Taylor,2003,English127,Prof. Gray
4744,Xavier Taylor,427,Math109,Prof. Williams
2147,Eve Taylor,105,English150,Prof. Davis
2352,Ethan Taylor,1327,CS159,Prof. Smith
4404,Yara Taylor,1139,English140,Prof. Gray
4188,Maddie Taylor,3199,English114,Prof. Miller
3355,Vera Taylor,3321,History127,Prof. Miller
3644,Nate Taylor,1078,Biology134,Prof. Smith
320,Gareth Taylor,751,Math198,Prof. White
4179,Simone Taylor,2625,Physics169,Prof. Johnson
6404,Bob Taylor,3813,Physics112,Prof. Johnson
2244,Philip Taylor,923,Physics143,Prof. Johnson
3275,Paul Taylor,4989,CS125,Prof. Miller
3423,Milo Taylor,2806,History103,Prof. White
1750,Gloria Taylor,714,Physics170,Prof. Smith
